CoachID,CoachName,SeasonStartYear,CoachType
1,Lenny Wilkens,1969,Head Coach
1,Lenny Wilkens,1970,Head Coach
1,Lenny Wilkens,1971,Head Coach
1,Lenny Wilkens,1974,Head Coach
1,Lenny Wilkens,1975,Head Coach
1,Lenny Wilkens,1977,Head Coach
1,Lenny Wilkens,1978,Head Coach
1,Lenny Wilkens,1979,Head Coach
1,Lenny Wilkens,1980,Head Coach
1,Lenny Wilkens,1981,Head Coach
1,Lenny Wilkens,1982,Head Coach
1,Lenny Wilkens,1983,Head Coach
1,Lenny Wilkens,1984,Head Coach
1,Lenny Wilkens,1986,Head Coach
1,Lenny Wilkens,1987,Head Coach
1,Lenny Wilkens,1988,Head Coach
1,Lenny Wilkens,1989,Head Coach
1,Lenny Wilkens,1990,Head Coach
1,Lenny Wilkens,1991,Head Coach
1,Lenny Wilkens,1992,Head Coach
1,Lenny Wilkens,1993,Head Coach
1,Lenny Wilkens,1994,Head Coach
1,Lenny Wilkens,1995,Head Coach
1,Lenny Wilkens,1996,Head Coach
1,Lenny Wilkens,1997,Head Coach
1,Lenny Wilkens,1998,Head Coach
1,Lenny Wilkens,1999,Head Coach
1,Lenny Wilkens,2000,Head Coach
1,Lenny Wilkens,2001,Head Coach
1,Lenny Wilkens,2002,Head Coach
1,Lenny Wilkens,2003,Head Coach
1,Lenny Wilkens,2004,Head Coach
2,M.L. Carr,1995,Head Coach
2,M.L. Carr,1996,Head Coach
3,Dave Cowens,1978,Head Coach
3,Dave Cowens,1996,Head Coach
3,Dave Cowens,1997,Head Coach
3,Dave Cowens,1998,Head Coach
3,Dave Cowens,2000,Head Coach
3,Dave Cowens,2001,Head Coach
4,Phil Jackson,1989,Head Coach
4,Phil Jackson,1990,Head Coach
4,Phil Jackson,1991,Head Coach
4,Phil Jackson,1992,Head Coach
4,Phil Jackson,1993,Head Coach
4,Phil Jackson,1994,Head Coach
4,Phil Jackson,1995,Head Coach
4,Phil Jackson,1996,Head Coach
4,Phil Jackson,1997,Head Coach
4,Phil Jackson,1999,Head Coach
4,Phil Jackson,2000,Head Coach
4,Phil Jackson,2001,Head Coach
4,Phil Jackson,2002,Head Coach
4,Phil Jackson,2003,Head Coach
4,Phil Jackson,2005,Head Coach
4,Phil Jackson,2006,Head Coach
4,Phil Jackson,2007,Head Coach
4,Phil Jackson,2008,Head Coach
4,Phil Jackson,2009,Head Coach
4,Phil Jackson,2010,Head Coach
5,Mike Fratello,1980,Head Coach
5,Mike Fratello,1983,Head Coach
5,Mike Fratello,1984,Head Coach
5,Mike Fratello,1985,Head Coach
5,Mike Fratello,1986,Head Coach
5,Mike Fratello,1987,Head Coach
5,Mike Fratello,1988,Head Coach
5,Mike Fratello,1989,Head Coach
5,Mike Fratello,1993,Head Coach
5,Mike Fratello,1994,Head Coach
5,Mike Fratello,1995,Head Coach
5,Mike Fratello,1996,Head Coach
5,Mike Fratello,1997,Head Coach
5,Mike Fratello,1998,Head Coach
5,Mike Fratello,2004,Head Coach
5,Mike Fratello,2005,Head Coach
5,Mike Fratello,2006,Head Coach
6,Jim Cleamons,1996,Head Coach
6,Jim Cleamons,1997,Head Coach
7,Bernie Bickerstaff,1985,Head Coach
7,Bernie Bickerstaff,1986,Head Coach
7,Bernie Bickerstaff,1987,Head Coach
7,Bernie Bickerstaff,1988,Head Coach
7,Bernie Bickerstaff,1989,Head Coach
7,Bernie Bickerstaff,1994,Head Coach
7,Bernie Bickerstaff,1995,Head Coach
7,Bernie Bickerstaff,1996,Head Coach
7,Bernie Bickerstaff,1996,Head Coach
7,Bernie Bickerstaff,1997,Head Coach
7,Bernie Bickerstaff,1998,Head Coach
7,Bernie Bickerstaff,2004,Head Coach
7,Bernie Bickerstaff,2005,Head Coach
7,Bernie Bickerstaff,2006,Head Coach
7,Bernie Bickerstaff,2012,Head Coach
8,Dick Motta,1968,Head Coach
8,Dick Motta,1969,Head Coach
8,Dick Motta,1970,Head Coach
8,Dick Motta,1971,Head Coach
8,Dick Motta,1972,Head Coach
8,Dick Motta,1973,Head Coach
8,Dick Motta,1974,Head Coach
8,Dick Motta,1975,Head Coach
8,Dick Motta,1976,Head Coach
8,Dick Motta,1977,Head Coach
8,Dick Motta,1978,Head Coach
8,Dick Motta,1979,Head Coach
8,Dick Motta,1980,Head Coach
8,Dick Motta,1981,Head Coach
8,Dick Motta,1982,Head Coach
8,Dick Motta,1983,Head Coach
8,Dick Motta,1984,Head Coach
8,Dick Motta,1985,Head Coach
8,Dick Motta,1986,Head Coach
8,Dick Motta,1989,Head Coach
8,Dick Motta,1990,Head Coach
8,Dick Motta,1991,Head Coach
8,Dick Motta,1994,Head Coach
8,Dick Motta,1995,Head Coach
8,Dick Motta,1996,Head Coach
9,Doug Collins,1986,Head Coach
9,Doug Collins,1987,Head Coach
9,Doug Collins,1988,Head Coach
9,Doug Collins,1995,Head Coach
9,Doug Collins,1996,Head Coach
9,Doug Collins,1997,Head Coach
9,Doug Collins,2001,Head Coach
9,Doug Collins,2002,Head Coach
9,Doug Collins,2010,Head Coach
9,Doug Collins,2011,Head Coach
9,Doug Collins,2012,Head Coach
10,Rick Adelman,1988,Head Coach
10,Rick Adelman,1989,Head Coach
10,Rick Adelman,1990,Head Coach
10,Rick Adelman,1991,Head Coach
10,Rick Adelman,1992,Head Coach
10,Rick Adelman,1993,Head Coach
10,Rick Adelman,1995,Head Coach
10,Rick Adelman,1996,Head Coach
10,Rick Adelman,1998,Head Coach
10,Rick Adelman,1999,Head Coach
10,Rick Adelman,2000,Head Coach
10,Rick Adelman,2001,Head Coach
10,Rick Adelman,2002,Head Coach
10,Rick Adelman,2003,Head Coach
10,Rick Adelman,2004,Head Coach
10,Rick Adelman,2005,Head Coach
10,Rick Adelman,2007,Head Coach
10,Rick Adelman,2008,Head Coach
10,Rick Adelman,2009,Head Coach
10,Rick Adelman,2010,Head Coach
10,Rick Adelman,2011,Head Coach
10,Rick Adelman,2012,Head Coach
10,Rick Adelman,2013,Head Coach
11,Rudy Tomjanovich,1991,Head Coach
11,Rudy Tomjanovich,1992,Head Coach
11,Rudy Tomjanovich,1993,Head Coach
11,Rudy Tomjanovich,1994,Head Coach
11,Rudy Tomjanovich,1995,Head Coach
11,Rudy Tomjanovich,1996,Head Coach
11,Rudy Tomjanovich,1997,Head Coach
11,Rudy Tomjanovich,1998,Head Coach
11,Rudy Tomjanovich,1999,Head Coach
11,Rudy Tomjanovich,2000,Head Coach
11,Rudy Tomjanovich,2001,Head Coach
11,Rudy Tomjanovich,2002,Head Coach
11,Rudy Tomjanovich,2004,Head Coach
12,Larry Brown,1972,Head Coach
12,Larry Brown,1973,Head Coach
12,Larry Brown,1974,Head Coach
12,Larry Brown,1975,Head Coach
12,Larry Brown,1976,Head Coach
12,Larry Brown,1977,Head Coach
12,Larry Brown,1978,Head Coach
12,Larry Brown,1981,Head Coach
12,Larry Brown,1982,Head Coach
12,Larry Brown,1988,Head Coach
12,Larry Brown,1989,Head Coach
12,Larry Brown,1990,Head Coach
12,Larry Brown,1991,Head Coach
12,Larry Brown,1991,Head Coach
12,Larry Brown,1992,Head Coach
12,Larry Brown,1993,Head Coach
12,Larry Brown,1994,Head Coach
12,Larry Brown,1995,Head Coach
12,Larry Brown,1996,Head Coach
12,Larry Brown,1997,Head Coach
12,Larry Brown,1998,Head Coach
12,Larry Brown,1999,Head Coach
12,Larry Brown,2000,Head Coach
12,Larry Brown,2001,Head Coach
12,Larry Brown,2002,Head Coach
12,Larry Brown,2003,Head Coach
12,Larry Brown,2004,Head Coach
12,Larry Brown,2005,Head Coach
12,Larry Brown,2008,Head Coach
12,Larry Brown,2009,Head Coach
12,Larry Brown,2010,Head Coach
13,Bill Fitch,1970,Head Coach
13,Bill Fitch,1971,Head Coach
13,Bill Fitch,1972,Head Coach
13,Bill Fitch,1973,Head Coach
13,Bill Fitch,1974,Head Coach
13,Bill Fitch,1975,Head Coach
13,Bill Fitch,1976,Head Coach
13,Bill Fitch,1977,Head Coach
13,Bill Fitch,1978,Head Coach
13,Bill Fitch,1979,Head Coach
13,Bill Fitch,1980,Head Coach
13,Bill Fitch,1981,Head Coach
13,Bill Fitch,1982,Head Coach
13,Bill Fitch,1983,Head Coach
13,Bill Fitch,1984,Head Coach
13,Bill Fitch,1985,Head Coach
13,Bill Fitch,1986,Head Coach
13,Bill Fitch,1987,Head Coach
13,Bill Fitch,1989,Head Coach
13,Bill Fitch,1990,Head Coach
13,Bill Fitch,1991,Head Coach
13,Bill Fitch,1994,Head Coach
13,Bill Fitch,1995,Head Coach
13,Bill Fitch,1996,Head Coach
13,Bill Fitch,1997,Head Coach
14,Del Harris,1979,Head Coach
14,Del Harris,1980,Head Coach
14,Del Harris,1981,Head Coach
14,Del Harris,1982,Head Coach
14,Del Harris,1987,Head Coach
14,Del Harris,1988,Head Coach
14,Del Harris,1989,Head Coach
14,Del Harris,1990,Head Coach
14,Del Harris,1991,Head Coach
14,Del Harris,1994,Head Coach
14,Del Harris,1995,Head Coach
14,Del Harris,1996,Head Coach
14,Del Harris,1997,Head Coach
14,Del Harris,1998,Head Coach
15,Pat Riley,1981,Head Coach
15,Pat Riley,1982,Head Coach
15,Pat Riley,1983,Head Coach
15,Pat Riley,1984,Head Coach
15,Pat Riley,1985,Head Coach
15,Pat Riley,1986,Head Coach
15,Pat Riley,1987,Head Coach
15,Pat Riley,1988,Head Coach
15,Pat Riley,1989,Head Coach
15,Pat Riley,1991,Head Coach
15,Pat Riley,1992,Head Coach
15,Pat Riley,1993,Head Coach
15,Pat Riley,1994,Head Coach
15,Pat Riley,1995,Head Coach
15,Pat Riley,1996,Head Coach
15,Pat Riley,1997,Head Coach
15,Pat Riley,1998,Head Coach
15,Pat Riley,1999,Head Coach
15,Pat Riley,2000,Head Coach
15,Pat Riley,2001,Head Coach
15,Pat Riley,2002,Head Coach
15,Pat Riley,2005,Head Coach
15,Pat Riley,2006,Head Coach
15,Pat Riley,2007,Head Coach
16,Chris Ford,1990,Head Coach
16,Chris Ford,1991,Head Coach
16,Chris Ford,1992,Head Coach
16,Chris Ford,1993,Head Coach
16,Chris Ford,1994,Head Coach
16,Chris Ford,1996,Head Coach
16,Chris Ford,1997,Head Coach
16,Chris Ford,1998,Head Coach
16,Chris Ford,1999,Head Coach
16,Chris Ford,2003,Head Coach
17,Flip Saunders,1995,Head Coach
17,Flip Saunders,1996,Head Coach
17,Flip Saunders,1997,Head Coach
17,Flip Saunders,1998,Head Coach
17,Flip Saunders,1999,Head Coach
17,Flip Saunders,2000,Head Coach
17,Flip Saunders,2001,Head Coach
17,Flip Saunders,2002,Head Coach
17,Flip Saunders,2003,Head Coach
17,Flip Saunders,2004,Head Coach
17,Flip Saunders,2005,Head Coach
17,Flip Saunders,2006,Head Coach
17,Flip Saunders,2007,Head Coach
17,Flip Saunders,2009,Head Coach
17,Flip Saunders,2010,Head Coach
17,Flip Saunders,2011,Head Coach
17,Flip Saunders,2014,Head Coach
18,John Calipari,1996,Head Coach
18,John Calipari,1997,Head Coach
18,John Calipari,1998,Head Coach
19,Jeff Van Gundy,1995,Head Coach
19,Jeff Van Gundy,1996,Head Coach
19,Jeff Van Gundy,1997,Head Coach
19,Jeff Van Gundy,1998,Head Coach
19,Jeff Van Gundy,1999,Head Coach
19,Jeff Van Gundy,2000,Head Coach
19,Jeff Van Gundy,2001,Head Coach
19,Jeff Van Gundy,2003,Head Coach
19,Jeff Van Gundy,2004,Head Coach
19,Jeff Van Gundy,2005,Head Coach
19,Jeff Van Gundy,2006,Head Coach
20,Brian Hill,1993,Head Coach
20,Brian Hill,1994,Head Coach
20,Brian Hill,1995,Head Coach
20,Brian Hill,1996,Head Coach
20,Brian Hill,1997,Head Coach
20,Brian Hill,1998,Head Coach
20,Brian Hill,1999,Head Coach
20,Brian Hill,2005,Head Coach
20,Brian Hill,2006,Head Coach
21,Richie Adubato,1979,Head Coach
21,Richie Adubato,1989,Head Coach
21,Richie Adubato,1990,Head Coach
21,Richie Adubato,1991,Head Coach
21,Richie Adubato,1992,Head Coach
21,Richie Adubato,1996,Head Coach
22,Johnny Davis,1996,Head Coach
22,Johnny Davis,2003,Head Coach
22,Johnny Davis,2004,Head Coach
22,Johnny Davis,2008,Head Coach
23,Cotton Fitzsimmons,1970,Head Coach
23,Cotton Fitzsimmons,1971,Head Coach
23,Cotton Fitzsimmons,1972,Head Coach
23,Cotton Fitzsimmons,1973,Head Coach
23,Cotton Fitzsimmons,1974,Head Coach
23,Cotton Fitzsimmons,1975,Head Coach
23,Cotton Fitzsimmons,1977,Head Coach
23,Cotton Fitzsimmons,1978,Head Coach
23,Cotton Fitzsimmons,1979,Head Coach
23,Cotton Fitzsimmons,1980,Head Coach
23,Cotton Fitzsimmons,1981,Head Coach
23,Cotton Fitzsimmons,1982,Head Coach
23,Cotton Fitzsimmons,1983,Head Coach
23,Cotton Fitzsimmons,1984,Head Coach
23,Cotton Fitzsimmons,1985,Head Coach
23,Cotton Fitzsimmons,1988,Head Coach
23,Cotton Fitzsimmons,1989,Head Coach
23,Cotton Fitzsimmons,1990,Head Coach
23,Cotton Fitzsimmons,1991,Head Coach
23,Cotton Fitzsimmons,1995,Head Coach
23,Cotton Fitzsimmons,1996,Head Coach
24,Danny Ainge,1996,Head Coach
24,Danny Ainge,1997,Head Coach
24,Danny Ainge,1998,Head Coach
24,Danny Ainge,1999,Head Coach
25,P.J. Carlesimo,1994,Head Coach
25,P.J. Carlesimo,1995,Head Coach
25,P.J. Carlesimo,1996,Head Coach
25,P.J. Carlesimo,1997,Head Coach
25,P.J. Carlesimo,1998,Head Coach
25,P.J. Carlesimo,1999,Head Coach
25,P.J. Carlesimo,2007,Head Coach
25,P.J. Carlesimo,2008,Head Coach
25,P.J. Carlesimo,2012,Head Coach
26,Garry St. Jean,1992,Head Coach
26,Garry St. Jean,1993,Head Coach
26,Garry St. Jean,1994,Head Coach
26,Garry St. Jean,1995,Head Coach
26,Garry St. Jean,1996,Head Coach
26,Garry St. Jean,1999,Head Coach
27,Eddie Jordan,1996,Head Coach
27,Eddie Jordan,1997,Head Coach
27,Eddie Jordan,2003,Head Coach
27,Eddie Jordan,2004,Head Coach
27,Eddie Jordan,2005,Head Coach
27,Eddie Jordan,2006,Head Coach
27,Eddie Jordan,2007,Head Coach
27,Eddie Jordan,2008,Head Coach
27,Eddie Jordan,2009,Head Coach
28,Bob Hill,1986,Head Coach
28,Bob Hill,1990,Head Coach
28,Bob Hill,1991,Head Coach
28,Bob Hill,1992,Head Coach
28,Bob Hill,1994,Head Coach
28,Bob Hill,1995,Head Coach
28,Bob Hill,1996,Head Coach
28,Bob Hill,2005,Head Coach
28,Bob Hill,2006,Head Coach
29,Gregg Popovich,1996,Head Coach
29,Gregg Popovich,1997,Head Coach
29,Gregg Popovich,1998,Head Coach
29,Gregg Popovich,1999,Head Coach
29,Gregg Popovich,2000,Head Coach
29,Gregg Popovich,2001,Head Coach
29,Gregg Popovich,2002,Head Coach
29,Gregg Popovich,2003,Head Coach
29,Gregg Popovich,2004,Head Coach
29,Gregg Popovich,2005,Head Coach
29,Gregg Popovich,2006,Head Coach
29,Gregg Popovich,2007,Head Coach
29,Gregg Popovich,2008,Head Coach
29,Gregg Popovich,2009,Head Coach
29,Gregg Popovich,2010,Head Coach
29,Gregg Popovich,2011,Head Coach
29,Gregg Popovich,2012,Head Coach
29,Gregg Popovich,2013,Head Coach
29,Gregg Popovich,2014,Head Coach
29,Gregg Popovich,2015,Head Coach
29,Gregg Popovich,2016,Head Coach
29,Gregg Popovich,2017,Head Coach
29,Gregg Popovich,2018,Head Coach
29,Gregg Popovich,2019,Head Coach
29,Gregg Popovich,2020,Head Coach
29,Gregg Popovich,2021,Head Coach
30,George Karl,1984,Head Coach
30,George Karl,1985,Head Coach
30,George Karl,1986,Head Coach
30,George Karl,1987,Head Coach
30,George Karl,1991,Head Coach
30,George Karl,1992,Head Coach
30,George Karl,1993,Head Coach
30,George Karl,1994,Head Coach
30,George Karl,1995,Head Coach
30,George Karl,1996,Head Coach
30,George Karl,1997,Head Coach
30,George Karl,1998,Head Coach
30,George Karl,1999,Head Coach
30,George Karl,2000,Head Coach
30,George Karl,2001,Head Coach
30,George Karl,2002,Head Coach
30,George Karl,2004,Head Coach
30,George Karl,2005,Head Coach
30,George Karl,2006,Head Coach
30,George Karl,2007,Head Coach
30,George Karl,2008,Head Coach
30,George Karl,2009,Head Coach
30,George Karl,2010,Head Coach
30,George Karl,2011,Head Coach
30,George Karl,2012,Head Coach
30,George Karl,2014,Head Coach
30,George Karl,2015,Head Coach
31,Darrell Walker,1996,Head Coach
31,Darrell Walker,1997,Head Coach
31,Darrell Walker,1999,Head Coach
32,Jerry Sloan,1979,Head Coach
32,Jerry Sloan,1980,Head Coach
32,Jerry Sloan,1981,Head Coach
32,Jerry Sloan,1988,Head Coach
32,Jerry Sloan,1989,Head Coach
32,Jerry Sloan,1990,Head Coach
32,Jerry Sloan,1991,Head Coach
32,Jerry Sloan,1992,Head Coach
32,Jerry Sloan,1993,Head Coach
32,Jerry Sloan,1994,Head Coach
32,Jerry Sloan,1995,Head Coach
32,Jerry Sloan,1996,Head Coach
32,Jerry Sloan,1997,Head Coach
32,Jerry Sloan,1998,Head Coach
32,Jerry Sloan,1999,Head Coach
32,Jerry Sloan,2000,Head Coach
32,Jerry Sloan,2001,Head Coach
32,Jerry Sloan,2002,Head Coach
32,Jerry Sloan,2003,Head Coach
32,Jerry Sloan,2004,Head Coach
32,Jerry Sloan,2005,Head Coach
32,Jerry Sloan,2006,Head Coach
32,Jerry Sloan,2007,Head Coach
32,Jerry Sloan,2008,Head Coach
32,Jerry Sloan,2009,Head Coach
32,Jerry Sloan,2010,Head Coach
33,Brian Winters,1995,Head Coach
33,Brian Winters,1996,Head Coach
33,Brian Winters,2001,Head Coach
34,Stu Jackson,1989,Head Coach
34,Stu Jackson,1990,Head Coach
34,Stu Jackson,1996,Head Coach
35,Jim Lynam,1983,Head Coach
35,Jim Lynam,1984,Head Coach
35,Jim Lynam,1987,Head Coach
35,Jim Lynam,1988,Head Coach
35,Jim Lynam,1989,Head Coach
35,Jim Lynam,1990,Head Coach
35,Jim Lynam,1991,Head Coach
35,Jim Lynam,1994,Head Coach
35,Jim Lynam,1995,Head Coach
35,Jim Lynam,1996,Head Coach
36,Bob Staak,1996,Head Coach
37,Richie Guerin,1964,Head Coach
37,Richie Guerin,1965,Head Coach
37,Richie Guerin,1966,Head Coach
37,Richie Guerin,1967,Head Coach
37,Richie Guerin,1968,Head Coach
37,Richie Guerin,1969,Head Coach
37,Richie Guerin,1970,Head Coach
37,Richie Guerin,1971,Head Coach
38,Jim O'Brien,2000,Head Coach
38,Jim O'Brien,2001,Head Coach
38,Jim O'Brien,2002,Head Coach
38,Jim O'Brien,2003,Head Coach
38,Jim O'Brien,2004,Head Coach
38,Jim O'Brien,2007,Head Coach
38,Jim O'Brien,2008,Head Coach
38,Jim O'Brien,2009,Head Coach
38,Jim O'Brien,2010,Head Coach
39,Alvin Gentry,1994,Head Coach
39,Alvin Gentry,1997,Head Coach
39,Alvin Gentry,1998,Head Coach
39,Alvin Gentry,1999,Head Coach
39,Alvin Gentry,2000,Head Coach
39,Alvin Gentry,2001,Head Coach
39,Alvin Gentry,2002,Head Coach
39,Alvin Gentry,2008,Head Coach
39,Alvin Gentry,2009,Head Coach
39,Alvin Gentry,2010,Head Coach
39,Alvin Gentry,2011,Head Coach
39,Alvin Gentry,2012,Head Coach
39,Alvin Gentry,2015,Head Coach
39,Alvin Gentry,2016,Head Coach
39,Alvin Gentry,2017,Head Coach
39,Alvin Gentry,2018,Head Coach
39,Alvin Gentry,2019,Head Coach
39,Alvin Gentry,2021,Head Coach
40,Rick Pitino,1987,Head Coach
40,Rick Pitino,1988,Head Coach
40,Rick Pitino,1997,Head Coach
40,Rick Pitino,1998,Head Coach
40,Rick Pitino,1999,Head Coach
40,Rick Pitino,2000,Head Coach
41,Don Nelson,1976,Head Coach
41,Don Nelson,1977,Head Coach
41,Don Nelson,1978,Head Coach
41,Don Nelson,1979,Head Coach
41,Don Nelson,1980,Head Coach
41,Don Nelson,1981,Head Coach
41,Don Nelson,1982,Head Coach
41,Don Nelson,1983,Head Coach
41,Don Nelson,1984,Head Coach
41,Don Nelson,1985,Head Coach
41,Don Nelson,1986,Head Coach
41,Don Nelson,1988,Head Coach
41,Don Nelson,1989,Head Coach
41,Don Nelson,1990,Head Coach
41,Don Nelson,1991,Head Coach
41,Don Nelson,1992,Head Coach
41,Don Nelson,1993,Head Coach
41,Don Nelson,1994,Head Coach
41,Don Nelson,1995,Head Coach
41,Don Nelson,1997,Head Coach
41,Don Nelson,1998,Head Coach
41,Don Nelson,1999,Head Coach
41,Don Nelson,2000,Head Coach
41,Don Nelson,2001,Head Coach
41,Don Nelson,2002,Head Coach
41,Don Nelson,2003,Head Coach
41,Don Nelson,2004,Head Coach
41,Don Nelson,2006,Head Coach
41,Don Nelson,2007,Head Coach
41,Don Nelson,2008,Head Coach
41,Don Nelson,2009,Head Coach
42,Bill Hanzlik,1997,Head Coach
43,Larry Bird,1997,Head Coach
43,Larry Bird,1998,Head Coach
43,Larry Bird,1999,Head Coach
44,Chuck Daly,1981,Head Coach
44,Chuck Daly,1983,Head Coach
44,Chuck Daly,1984,Head Coach
44,Chuck Daly,1985,Head Coach
44,Chuck Daly,1986,Head Coach
44,Chuck Daly,1987,Head Coach
44,Chuck Daly,1988,Head Coach
44,Chuck Daly,1989,Head Coach
44,Chuck Daly,1990,Head Coach
44,Chuck Daly,1991,Head Coach
44,Chuck Daly,1992,Head Coach
44,Chuck Daly,1993,Head Coach
44,Chuck Daly,1997,Head Coach
44,Chuck Daly,1998,Head Coach
45,Mike Dunleavy,1990,Head Coach
45,Mike Dunleavy,1991,Head Coach
45,Mike Dunleavy,1992,Head Coach
45,Mike Dunleavy,1993,Head Coach
45,Mike Dunleavy,1994,Head Coach
45,Mike Dunleavy,1995,Head Coach
45,Mike Dunleavy,1997,Head Coach
45,Mike Dunleavy,1998,Head Coach
45,Mike Dunleavy,1999,Head Coach
45,Mike Dunleavy,2000,Head Coach
45,Mike Dunleavy,2003,Head Coach
45,Mike Dunleavy,2004,Head Coach
45,Mike Dunleavy,2005,Head Coach
45,Mike Dunleavy,2006,Head Coach
45,Mike Dunleavy,2007,Head Coach
45,Mike Dunleavy,2008,Head Coach
45,Mike Dunleavy,2009,Head Coach
46,Butch Carter,1997,Head Coach
46,Butch Carter,1998,Head Coach
46,Butch Carter,1999,Head Coach
47,Paul Silas,1980,Head Coach
47,Paul Silas,1981,Head Coach
47,Paul Silas,1982,Head Coach
47,Paul Silas,1998,Head Coach
47,Paul Silas,1999,Head Coach
47,Paul Silas,2000,Head Coach
47,Paul Silas,2001,Head Coach
47,Paul Silas,2002,Head Coach
47,Paul Silas,2003,Head Coach
47,Paul Silas,2004,Head Coach
47,Paul Silas,2010,Head Coach
47,Paul Silas,2011,Head Coach
48,Tim Floyd,1998,Head Coach
48,Tim Floyd,1999,Head Coach
48,Tim Floyd,2000,Head Coach
48,Tim Floyd,2001,Head Coach
48,Tim Floyd,2003,Head Coach
49,Mike D'Antoni,1998,Head Coach
49,Mike D'Antoni,2003,Head Coach
49,Mike D'Antoni,2004,Head Coach
49,Mike D'Antoni,2005,Head Coach
49,Mike D'Antoni,2006,Head Coach
49,Mike D'Antoni,2007,Head Coach
49,Mike D'Antoni,2008,Head Coach
49,Mike D'Antoni,2009,Head Coach
49,Mike D'Antoni,2010,Head Coach
49,Mike D'Antoni,2011,Head Coach
49,Mike D'Antoni,2012,Head Coach
49,Mike D'Antoni,2013,Head Coach
49,Mike D'Antoni,2016,Head Coach
49,Mike D'Antoni,2017,Head Coach
49,Mike D'Antoni,2018,Head Coach
49,Mike D'Antoni,2019,Head Coach
50,Bill Bertka,1993,Head Coach
50,Bill Bertka,1998,Head Coach
51,Kurt Rambis,1998,Head Coach
51,Kurt Rambis,2009,Head Coach
51,Kurt Rambis,2010,Head Coach
51,Kurt Rambis,2015,Head Coach
52,Don Casey,1988,Head Coach
52,Don Casey,1989,Head Coach
52,Don Casey,1998,Head Coach
52,Don Casey,1999,Head Coach
53,Paul Westphal,1992,Head Coach
53,Paul Westphal,1993,Head Coach
53,Paul Westphal,1994,Head Coach
53,Paul Westphal,1995,Head Coach
53,Paul Westphal,1998,Head Coach
53,Paul Westphal,1999,Head Coach
53,Paul Westphal,2000,Head Coach
53,Paul Westphal,2009,Head Coach
53,Paul Westphal,2010,Head Coach
53,Paul Westphal,2011,Head Coach
54,Jim Brovelli,1998,Head Coach
55,Randy Wittman,1999,Head Coach
55,Randy Wittman,2000,Head Coach
55,Randy Wittman,2006,Head Coach
55,Randy Wittman,2007,Head Coach
55,Randy Wittman,2008,Head Coach
55,Randy Wittman,2011,Head Coach
55,Randy Wittman,2012,Head Coach
55,Randy Wittman,2013,Head Coach
55,Randy Wittman,2014,Head Coach
55,Randy Wittman,2015,Head Coach
56,Dan Issel,1992,Head Coach
56,Dan Issel,1993,Head Coach
56,Dan Issel,1994,Head Coach
56,Dan Issel,1999,Head Coach
56,Dan Issel,2000,Head Coach
56,Dan Issel,2001,Head Coach
57,George Irvine,1984,Head Coach
57,George Irvine,1985,Head Coach
57,George Irvine,1988,Head Coach
57,George Irvine,1999,Head Coach
57,George Irvine,2000,Head Coach
58,Jim Todd,1999,Head Coach
59,Doc Rivers,1999,Head Coach
59,Doc Rivers,2000,Head Coach
59,Doc Rivers,2001,Head Coach
59,Doc Rivers,2002,Head Coach
59,Doc Rivers,2003,Head Coach
59,Doc Rivers,2004,Head Coach
59,Doc Rivers,2005,Head Coach
59,Doc Rivers,2006,Head Coach
59,Doc Rivers,2007,Head Coach
59,Doc Rivers,2008,Head Coach
59,Doc Rivers,2009,Head Coach
59,Doc Rivers,2010,Head Coach
59,Doc Rivers,2011,Head Coach
59,Doc Rivers,2012,Head Coach
59,Doc Rivers,2013,Head Coach
59,Doc Rivers,2014,Head Coach
59,Doc Rivers,2015,Head Coach
59,Doc Rivers,2016,Head Coach
59,Doc Rivers,2017,Head Coach
59,Doc Rivers,2018,Head Coach
59,Doc Rivers,2019,Head Coach
59,Doc Rivers,2020,Head Coach
59,Doc Rivers,2021,Head Coach
60,Scott Skiles,1999,Head Coach
60,Scott Skiles,2000,Head Coach
60,Scott Skiles,2001,Head Coach
60,Scott Skiles,2003,Head Coach
60,Scott Skiles,2004,Head Coach
60,Scott Skiles,2005,Head Coach
60,Scott Skiles,2006,Head Coach
60,Scott Skiles,2007,Head Coach
60,Scott Skiles,2008,Head Coach
60,Scott Skiles,2009,Head Coach
60,Scott Skiles,2010,Head Coach
60,Scott Skiles,2011,Head Coach
60,Scott Skiles,2012,Head Coach
60,Scott Skiles,2015,Head Coach
61,Lionel Hollins,1999,Head Coach
61,Lionel Hollins,2004,Head Coach
61,Lionel Hollins,2008,Head Coach
61,Lionel Hollins,2009,Head Coach
61,Lionel Hollins,2010,Head Coach
61,Lionel Hollins,2011,Head Coach
61,Lionel Hollins,2012,Head Coach
61,Lionel Hollins,2014,Head Coach
61,Lionel Hollins,2015,Head Coach
62,Gar Heard,1992,Head Coach
62,Gar Heard,1999,Head Coach
63,Lon Kruger,2000,Head Coach
63,Lon Kruger,2001,Head Coach
63,Lon Kruger,2002,Head Coach
64,Isiah Thomas,2000,Head Coach
64,Isiah Thomas,2001,Head Coach
64,Isiah Thomas,2002,Head Coach
64,Isiah Thomas,2006,Head Coach
64,Isiah Thomas,2007,Head Coach
65,Byron Scott,2000,Head Coach
65,Byron Scott,2001,Head Coach
65,Byron Scott,2002,Head Coach
65,Byron Scott,2003,Head Coach
65,Byron Scott,2004,Head Coach
65,Byron Scott,2005,Head Coach
65,Byron Scott,2006,Head Coach
65,Byron Scott,2007,Head Coach
65,Byron Scott,2008,Head Coach
65,Byron Scott,2009,Head Coach
65,Byron Scott,2010,Head Coach
65,Byron Scott,2011,Head Coach
65,Byron Scott,2012,Head Coach
65,Byron Scott,2014,Head Coach
65,Byron Scott,2015,Head Coach
66,Nate McMillan,2000,Head Coach
66,Nate McMillan,2001,Head Coach
66,Nate McMillan,2002,Head Coach
66,Nate McMillan,2003,Head Coach
66,Nate McMillan,2004,Head Coach
66,Nate McMillan,2005,Head Coach
66,Nate McMillan,2006,Head Coach
66,Nate McMillan,2007,Head Coach
66,Nate McMillan,2008,Head Coach
66,Nate McMillan,2009,Head Coach
66,Nate McMillan,2010,Head Coach
66,Nate McMillan,2011,Head Coach
66,Nate McMillan,2016,Head Coach
66,Nate McMillan,2017,Head Coach
66,Nate McMillan,2018,Head Coach
66,Nate McMillan,2019,Head Coach
66,Nate McMillan,2020,Head Coach
66,Nate McMillan,2021,Head Coach
67,Sidney Lowe,1992,Head Coach
67,Sidney Lowe,1993,Head Coach
67,Sidney Lowe,2000,Head Coach
67,Sidney Lowe,2001,Head Coach
67,Sidney Lowe,2002,Head Coach
68,Leonard Hamilton,2000,Head Coach
69,Bill Berry,2001,Head Coach
70,Bill Cartwright,2001,Head Coach
70,Bill Cartwright,2002,Head Coach
70,Bill Cartwright,2003,Head Coach
71,John Lucas,1992,Head Coach
71,John Lucas,1993,Head Coach
71,John Lucas,1994,Head Coach
71,John Lucas,1995,Head Coach
71,John Lucas,2001,Head Coach
71,John Lucas,2002,Head Coach
72,Mike Evans,2001,Head Coach
73,Rick Carlisle,2001,Head Coach
73,Rick Carlisle,2002,Head Coach
73,Rick Carlisle,2003,Head Coach
73,Rick Carlisle,2004,Head Coach
73,Rick Carlisle,2005,Head Coach
73,Rick Carlisle,2006,Head Coach
73,Rick Carlisle,2008,Head Coach
73,Rick Carlisle,2009,Head Coach
73,Rick Carlisle,2010,Head Coach
73,Rick Carlisle,2011,Head Coach
73,Rick Carlisle,2012,Head Coach
73,Rick Carlisle,2013,Head Coach
73,Rick Carlisle,2014,Head Coach
73,Rick Carlisle,2015,Head Coach
73,Rick Carlisle,2016,Head Coach
73,Rick Carlisle,2017,Head Coach
73,Rick Carlisle,2018,Head Coach
73,Rick Carlisle,2019,Head Coach
73,Rick Carlisle,2020,Head Coach
73,Rick Carlisle,2021,Head Coach
74,Don Chaney,1984,Head Coach
74,Don Chaney,1985,Head Coach
74,Don Chaney,1986,Head Coach
74,Don Chaney,1988,Head Coach
74,Don Chaney,1989,Head Coach
74,Don Chaney,1990,Head Coach
74,Don Chaney,1991,Head Coach
74,Don Chaney,1993,Head Coach
74,Don Chaney,1994,Head Coach
74,Don Chaney,2001,Head Coach
74,Don Chaney,2002,Head Coach
74,Don Chaney,2003,Head Coach
75,Frank Johnson,2001,Head Coach
75,Frank Johnson,2002,Head Coach
75,Frank Johnson,2003,Head Coach
76,Maurice Cheeks,2001,Head Coach
76,Maurice Cheeks,2002,Head Coach
76,Maurice Cheeks,2003,Head Coach
76,Maurice Cheeks,2004,Head Coach
76,Maurice Cheeks,2005,Head Coach
76,Maurice Cheeks,2006,Head Coach
76,Maurice Cheeks,2007,Head Coach
76,Maurice Cheeks,2008,Head Coach
76,Maurice Cheeks,2013,Head Coach
77,Terry Stotts,2002,Head Coach
77,Terry Stotts,2003,Head Coach
77,Terry Stotts,2005,Head Coach
77,Terry Stotts,2006,Head Coach
77,Terry Stotts,2012,Head Coach
77,Terry Stotts,2013,Head Coach
77,Terry Stotts,2014,Head Coach
77,Terry Stotts,2015,Head Coach
77,Terry Stotts,2016,Head Coach
77,Terry Stotts,2017,Head Coach
77,Terry Stotts,2018,Head Coach
77,Terry Stotts,2019,Head Coach
77,Terry Stotts,2020,Head Coach
78,Keith Smart,2002,Head Coach
78,Keith Smart,2010,Head Coach
78,Keith Smart,2011,Head Coach
78,Keith Smart,2012,Head Coach
79,Jeff Bzdelik,2002,Head Coach
79,Jeff Bzdelik,2003,Head Coach
79,Jeff Bzdelik,2004,Head Coach
80,Eric Musselman,2002,Head Coach
80,Eric Musselman,2003,Head Coach
80,Eric Musselman,2006,Head Coach
81,Dennis Johnson,2002,Head Coach
82,Hubie Brown,1974,Head Coach
82,Hubie Brown,1975,Head Coach
82,Hubie Brown,1976,Head Coach
82,Hubie Brown,1977,Head Coach
82,Hubie Brown,1978,Head Coach
82,Hubie Brown,1979,Head Coach
82,Hubie Brown,1980,Head Coach
82,Hubie Brown,1982,Head Coach
82,Hubie Brown,1983,Head Coach
82,Hubie Brown,1984,Head Coach
82,Hubie Brown,1985,Head Coach
82,Hubie Brown,1986,Head Coach
82,Hubie Brown,2002,Head Coach
82,Hubie Brown,2003,Head Coach
82,Hubie Brown,2004,Head Coach
83,John Carroll,2003,Head Coach
84,Pete Myers,2003,Head Coach
84,Pete Myers,2007,Head Coach
85,Stan Van Gundy,2003,Head Coach
85,Stan Van Gundy,2004,Head Coach
85,Stan Van Gundy,2005,Head Coach
85,Stan Van Gundy,2007,Head Coach
85,Stan Van Gundy,2008,Head Coach
85,Stan Van Gundy,2009,Head Coach
85,Stan Van Gundy,2010,Head Coach
85,Stan Van Gundy,2011,Head Coach
85,Stan Van Gundy,2014,Head Coach
85,Stan Van Gundy,2015,Head Coach
85,Stan Van Gundy,2016,Head Coach
85,Stan Van Gundy,2017,Head Coach
85,Stan Van Gundy,2020,Head Coach
86,Terry Porter,2003,Head Coach
86,Terry Porter,2004,Head Coach
86,Terry Porter,2008,Head Coach
87,Lawrence Frank,2003,Head Coach
87,Lawrence Frank,2004,Head Coach
87,Lawrence Frank,2005,Head Coach
87,Lawrence Frank,2006,Head Coach
87,Lawrence Frank,2007,Head Coach
87,Lawrence Frank,2008,Head Coach
87,Lawrence Frank,2009,Head Coach
87,Lawrence Frank,2011,Head Coach
87,Lawrence Frank,2012,Head Coach
88,Herb Williams,2003,Head Coach
88,Herb Williams,2004,Head Coach
89,Randy Ayers,2003,Head Coach
90,Kevin O'Neill,2003,Head Coach
91,Mike Woodson,2004,Head Coach
91,Mike Woodson,2005,Head Coach
91,Mike Woodson,2006,Head Coach
91,Mike Woodson,2007,Head Coach
91,Mike Woodson,2008,Head Coach
91,Mike Woodson,2009,Head Coach
91,Mike Woodson,2011,Head Coach
91,Mike Woodson,2012,Head Coach
91,Mike Woodson,2013,Head Coach
92,Brendan Malone,1995,Head Coach
92,Brendan Malone,2004,Head Coach
93,Avery Johnson,2004,Head Coach
93,Avery Johnson,2005,Head Coach
93,Avery Johnson,2006,Head Coach
93,Avery Johnson,2007,Head Coach
93,Avery Johnson,2010,Head Coach
93,Avery Johnson,2011,Head Coach
93,Avery Johnson,2012,Head Coach
94,Michael Cooper,2004,Head Coach
95,Mike Montgomery,2004,Head Coach
95,Mike Montgomery,2005,Head Coach
96,Frank Hamblen,1991,Head Coach
96,Frank Hamblen,2004,Head Coach
97,Kevin McHale,2004,Head Coach
97,Kevin McHale,2008,Head Coach
97,Kevin McHale,2011,Head Coach
97,Kevin McHale,2012,Head Coach
97,Kevin McHale,2013,Head Coach
97,Kevin McHale,2014,Head Coach
97,Kevin McHale,2015,Head Coach
98,Chris Jent,2004,Head Coach
99,Kevin Pritchard,2004,Head Coach
100,Sam Mitchell,2004,Head Coach
100,Sam Mitchell,2005,Head Coach
100,Sam Mitchell,2006,Head Coach
100,Sam Mitchell,2007,Head Coach
100,Sam Mitchell,2008,Head Coach
100,Sam Mitchell,2015,Head Coach
101,Mike Brown,2005,Head Coach
101,Mike Brown,2006,Head Coach
101,Mike Brown,2007,Head Coach
101,Mike Brown,2008,Head Coach
101,Mike Brown,2009,Head Coach
101,Mike Brown,2011,Head Coach
101,Mike Brown,2012,Head Coach
101,Mike Brown,2013,Head Coach
102,Dwane Casey,2005,Head Coach
102,Dwane Casey,2006,Head Coach
102,Dwane Casey,2011,Head Coach
102,Dwane Casey,2012,Head Coach
102,Dwane Casey,2013,Head Coach
102,Dwane Casey,2014,Head Coach
102,Dwane Casey,2015,Head Coach
102,Dwane Casey,2016,Head Coach
102,Dwane Casey,2017,Head Coach
102,Dwane Casey,2018,Head Coach
102,Dwane Casey,2019,Head Coach
102,Dwane Casey,2020,Head Coach
102,Dwane Casey,2021,Head Coach
103,Bob Weiss,1986,Head Coach
103,Bob Weiss,1987,Head Coach
103,Bob Weiss,1990,Head Coach
103,Bob Weiss,1991,Head Coach
103,Bob Weiss,1992,Head Coach
103,Bob Weiss,1993,Head Coach
103,Bob Weiss,2005,Head Coach
104,Tony Barone,2006,Head Coach
105,Larry Krystkowiak,2006,Head Coach
105,Larry Krystkowiak,2007,Head Coach
106,Sam Vincent,2007,Head Coach
107,Jim Boylan,2007,Head Coach
107,Jim Boylan,2012,Head Coach
108,Marc Iavaroni,2007,Head Coach
108,Marc Iavaroni,2008,Head Coach
109,Reggie Theus,2007,Head Coach
109,Reggie Theus,2008,Head Coach
110,Vinny Del Negro,2008,Head Coach
110,Vinny Del Negro,2009,Head Coach
110,Vinny Del Negro,2010,Head Coach
110,Vinny Del Negro,2011,Head Coach
110,Vinny Del Negro,2012,Head Coach
111,Michael Curry,2008,Head Coach
112,Erik Spoelstra,2008,Head Coach
112,Erik Spoelstra,2009,Head Coach
112,Erik Spoelstra,2010,Head Coach
112,Erik Spoelstra,2011,Head Coach
112,Erik Spoelstra,2012,Head Coach
112,Erik Spoelstra,2013,Head Coach
112,Erik Spoelstra,2014,Head Coach
112,Erik Spoelstra,2015,Head Coach
112,Erik Spoelstra,2016,Head Coach
112,Erik Spoelstra,2017,Head Coach
112,Erik Spoelstra,2018,Head Coach
112,Erik Spoelstra,2019,Head Coach
112,Erik Spoelstra,2020,Head Coach
112,Erik Spoelstra,2021,Head Coach
113,Scott Brooks,2008,Head Coach
113,Scott Brooks,2009,Head Coach
113,Scott Brooks,2010,Head Coach
113,Scott Brooks,2011,Head Coach
113,Scott Brooks,2012,Head Coach
113,Scott Brooks,2013,Head Coach
113,Scott Brooks,2014,Head Coach
113,Scott Brooks,2016,Head Coach
113,Scott Brooks,2017,Head Coach
113,Scott Brooks,2018,Head Coach
113,Scott Brooks,2019,Head Coach
113,Scott Brooks,2020,Head Coach
114,Tony DiLeo,2008,Head Coach
115,Kenny Natt,2008,Head Coach
116,Jay Triano,2008,Head Coach
116,Jay Triano,2009,Head Coach
116,Jay Triano,2010,Head Coach
116,Jay Triano,2017,Head Coach
117,Ed Tapscott,2008,Head Coach
118,John Kuester,2009,Head Coach
118,John Kuester,2010,Head Coach
119,Kim Hughes,2009,Head Coach
120,Tom Barrise,2009,Head Coach
121,Kiki Vandeweghe,2009,Head Coach
122,Jeff Bower,2009,Head Coach
123,Larry Drew,2010,Head Coach
123,Larry Drew,2011,Head Coach
123,Larry Drew,2012,Head Coach
123,Larry Drew,2013,Head Coach
123,Larry Drew,2018,Head Coach
124,Tom Thibodeau,2010,Head Coach
124,Tom Thibodeau,2011,Head Coach
124,Tom Thibodeau,2012,Head Coach
124,Tom Thibodeau,2013,Head Coach
124,Tom Thibodeau,2014,Head Coach
124,Tom Thibodeau,2016,Head Coach
124,Tom Thibodeau,2017,Head Coach
124,Tom Thibodeau,2018,Head Coach
124,Tom Thibodeau,2020,Head Coach
124,Tom Thibodeau,2021,Head Coach
125,Frank Vogel,2010,Head Coach
125,Frank Vogel,2011,Head Coach
125,Frank Vogel,2012,Head Coach
125,Frank Vogel,2013,Head Coach
125,Frank Vogel,2014,Head Coach
125,Frank Vogel,2015,Head Coach
125,Frank Vogel,2016,Head Coach
125,Frank Vogel,2017,Head Coach
125,Frank Vogel,2019,Head Coach
125,Frank Vogel,2020,Head Coach
125,Frank Vogel,2021,Head Coach
126,Monty Williams,2010,Head Coach
126,Monty Williams,2011,Head Coach
126,Monty Williams,2012,Head Coach
126,Monty Williams,2013,Head Coach
126,Monty Williams,2014,Head Coach
126,Monty Williams,2019,Head Coach
126,Monty Williams,2020,Head Coach
126,Monty Williams,2021,Head Coach
127,Tyrone Corbin,2010,Head Coach
127,Tyrone Corbin,2011,Head Coach
127,Tyrone Corbin,2012,Head Coach
127,Tyrone Corbin,2013,Head Coach
127,Tyrone Corbin,2014,Head Coach
128,Mark Jackson,2011,Head Coach
128,Mark Jackson,2012,Head Coach
128,Mark Jackson,2013,Head Coach
129,Kaleb Canales,2011,Head Coach
130,Mike Dunlap,2012,Head Coach
131,Jacque Vaughn,2012,Head Coach
131,Jacque Vaughn,2013,Head Coach
131,Jacque Vaughn,2014,Head Coach
131,Jacque Vaughn,2019,Head Coach
132,Lindsey Hunter,2012,Head Coach
133,Mike Budenholzer,2013,Head Coach
133,Mike Budenholzer,2014,Head Coach
133,Mike Budenholzer,2015,Head Coach
133,Mike Budenholzer,2016,Head Coach
133,Mike Budenholzer,2017,Head Coach
133,Mike Budenholzer,2018,Head Coach
133,Mike Budenholzer,2019,Head Coach
133,Mike Budenholzer,2020,Head Coach
133,Mike Budenholzer,2021,Head Coach
134,Brad Stevens,2013,Head Coach
134,Brad Stevens,2014,Head Coach
134,Brad Stevens,2015,Head Coach
134,Brad Stevens,2016,Head Coach
134,Brad Stevens,2017,Head Coach
134,Brad Stevens,2018,Head Coach
134,Brad Stevens,2019,Head Coach
134,Brad Stevens,2020,Head Coach
135,Jason Kidd,2013,Head Coach
135,Jason Kidd,2014,Head Coach
135,Jason Kidd,2015,Head Coach
135,Jason Kidd,2016,Head Coach
135,Jason Kidd,2017,Head Coach
135,Jason Kidd,2021,Head Coach
136,Steve Clifford,2013,Head Coach
136,Steve Clifford,2014,Head Coach
136,Steve Clifford,2015,Head Coach
136,Steve Clifford,2016,Head Coach
136,Steve Clifford,2017,Head Coach
136,Steve Clifford,2018,Head Coach
136,Steve Clifford,2019,Head Coach
136,Steve Clifford,2020,Head Coach
137,Brian Shaw,2013,Head Coach
137,Brian Shaw,2014,Head Coach
138,John Loyer,2013,Head Coach
139,Dave Joerger,2013,Head Coach
139,Dave Joerger,2014,Head Coach
139,Dave Joerger,2015,Head Coach
139,Dave Joerger,2016,Head Coach
139,Dave Joerger,2017,Head Coach
139,Dave Joerger,2018,Head Coach
140,Brett Brown,2013,Head Coach
140,Brett Brown,2014,Head Coach
140,Brett Brown,2015,Head Coach
140,Brett Brown,2016,Head Coach
140,Brett Brown,2017,Head Coach
140,Brett Brown,2018,Head Coach
140,Brett Brown,2019,Head Coach
141,Jeff Hornacek,2013,Head Coach
141,Jeff Hornacek,2014,Head Coach
141,Jeff Hornacek,2015,Head Coach
141,Jeff Hornacek,2016,Head Coach
141,Jeff Hornacek,2017,Head Coach
142,Michael Malone,2013,Head Coach
142,Michael Malone,2014,Head Coach
142,Michael Malone,2015,Head Coach
142,Michael Malone,2016,Head Coach
142,Michael Malone,2017,Head Coach
142,Michael Malone,2018,Head Coach
142,Michael Malone,2019,Head Coach
142,Michael Malone,2020,Head Coach
142,Michael Malone,2021,Head Coach
143,David Blatt,2014,Head Coach
143,David Blatt,2015,Head Coach
144,Melvin Hunt,2014,Head Coach
145,Steve Kerr,2014,Head Coach
145,Steve Kerr,2015,Head Coach
145,Steve Kerr,2016,Head Coach
145,Steve Kerr,2017,Head Coach
145,Steve Kerr,2018,Head Coach
145,Steve Kerr,2019,Head Coach
145,Steve Kerr,2020,Head Coach
145,Steve Kerr,2021,Head Coach
146,Derek Fisher,2014,Head Coach
146,Derek Fisher,2015,Head Coach
147,James Borrego,2014,Head Coach
147,James Borrego,2018,Head Coach
147,James Borrego,2019,Head Coach
147,James Borrego,2020,Head Coach
147,James Borrego,2021,Head Coach
148,Quin Snyder,2014,Head Coach
148,Quin Snyder,2015,Head Coach
148,Quin Snyder,2016,Head Coach
148,Quin Snyder,2017,Head Coach
148,Quin Snyder,2018,Head Coach
148,Quin Snyder,2019,Head Coach
148,Quin Snyder,2020,Head Coach
148,Quin Snyder,2021,Head Coach
149,Tony Brown,2015,Head Coach
150,Fred Hoiberg,2015,Head Coach
150,Fred Hoiberg,2016,Head Coach
150,Fred Hoiberg,2017,Head Coach
150,Fred Hoiberg,2018,Head Coach
151,Tyronn Lue,2015,Head Coach
151,Tyronn Lue,2016,Head Coach
151,Tyronn Lue,2017,Head Coach
151,Tyronn Lue,2018,Head Coach
151,Tyronn Lue,2020,Head Coach
151,Tyronn Lue,2021,Head Coach
152,J.B. Bickerstaff,2015,Head Coach
152,J.B. Bickerstaff,2017,Head Coach
152,J.B. Bickerstaff,2018,Head Coach
152,J.B. Bickerstaff,2019,Head Coach
152,J.B. Bickerstaff,2020,Head Coach
152,J.B. Bickerstaff,2021,Head Coach
153,Billy Donovan,2015,Head Coach
153,Billy Donovan,2016,Head Coach
153,Billy Donovan,2017,Head Coach
153,Billy Donovan,2018,Head Coach
153,Billy Donovan,2019,Head Coach
153,Billy Donovan,2020,Head Coach
153,Billy Donovan,2021,Head Coach
154,Earl Watson,2015,Head Coach
154,Earl Watson,2016,Head Coach
154,Earl Watson,2017,Head Coach
155,Kenny Atkinson,2016,Head Coach
155,Kenny Atkinson,2017,Head Coach
155,Kenny Atkinson,2018,Head Coach
155,Kenny Atkinson,2019,Head Coach
156,Luke Walton,2016,Head Coach
156,Luke Walton,2017,Head Coach
156,Luke Walton,2018,Head Coach
156,Luke Walton,2019,Head Coach
156,Luke Walton,2020,Head Coach
156,Luke Walton,2021,Head Coach
157,David Fizdale,2016,Head Coach
157,David Fizdale,2017,Head Coach
157,David Fizdale,2018,Head Coach
157,David Fizdale,2019,Head Coach
158,Joe Prunty,2017,Head Coach
159,Lloyd Pierce,2018,Head Coach
159,Lloyd Pierce,2019,Head Coach
159,Lloyd Pierce,2020,Head Coach
160,Jim Boylen,2018,Head Coach
160,Jim Boylen,2019,Head Coach
161,Ryan Saunders,2018,Head Coach
161,Ryan Saunders,2019,Head Coach
161,Ryan Saunders,2020,Head Coach
162,Igor Kokoskov,2018,Head Coach
163,Nick Nurse,2018,Head Coach
163,Nick Nurse,2019,Head Coach
163,Nick Nurse,2020,Head Coach
163,Nick Nurse,2021,Head Coach
164,John Beilein,2019,Head Coach
165,Taylor Jenkins,2019,Head Coach
165,Taylor Jenkins,2020,Head Coach
165,Taylor Jenkins,2021,Head Coach
166,Mike Miller,2019,Head Coach
